1585551064, -4.83111819221, 1.83055690405
1585551064, -4.82724103057, 1.83272539737
1585551080, -4.85233523559, 1.83218106529
1585551081, -4.7964289785, 1.80713390541
1585551081, -4.74817752878, 1.76901764989
1585551082, -4.68621388724, 1.68821211851
1585551083, -4.59250947437, 1.48303738178
1585551084, -4.5330148711, 1.25449993107
1585551085, -4.52190974185, 1.02039766907
1585551086, -4.53859039991, 0.786530513936
1585551088, -4.58082002386, 0.554918185344
1585551089, -4.66211925156, 0.33904703366
1585551090, -4.73471003373, 0.213960207898
1585551091, -4.78401768794, 0.165079846575
1585551091, -4.78037916766, 0.16526068649
1585551092, -4.78074314907, 0.163337202384
1585551092, -4.78566654532, 0.16407163009
1585551092, -4.79447702633, 0.169204023414
1585551092, -4.80783395716, 0.171772892453
1585551092, -4.81246451347, 0.176725399908
1585551109, -4.59226488935, 0.188536020095
1585551110, -4.34755029082, 0.186357540693
1585551111, -4.12558393623, 0.144403225449
1585551113, -3.89449645531, 0.0629785600116
1585551114, -3.6664380564, -0.0230808832271
1585551115, -3.43483796735, -0.119261262873
1585551116, -3.21865610411, -0.224276897037
1585551117, -3.04042689785, -0.321212629555
1585551119, -2.82410863015, -0.407641749803
1585551120, -2.65234557221, -0.448837749969
1585551120, -2.45397840678, -0.415517908057
1585551121, -2.32028845573, -0.377259887486
1585551122, -2.25918695188, -0.332166668759
1585551122, -2.20862264187, -0.277919833947
1585551123, -2.19430205186, -0.260502088495
1585551123, -2.19633704134, -0.263798135353
1585551124, -2.19737337644, -0.259744752878
1585551140, -1.99684397712, -0.28847834949
1585551141, -1.76289857936, -0.329530354546
1585551143, -1.54117205319, -0.37317424576
1585551144, -1.30817806164, -0.40402014505
1585551145, -1.10094928533, -0.430161692558
1585551146, -0.862380249954, -0.473903591062
1585551147, -0.632223641136, -0.528763816469
1585551148, -0.404765558419, -0.595759562469
1585551150, -0.183635011177, -0.651624432202
1585551151, 0.0252886672849, -0.676552614968
1585551152, 0.149821430407, -0.661045289286
1585551152, 0.224478388385, -0.618615820964
1585551153, 0.284916931462, -0.588945964792
1585551154, 0.286734391062, -0.588534323552
1585551169, 0.355971301185, -0.603115472404
1585551170, 0.449202784191, -0.648734294335
1585551171, 0.521573839582, -0.706997470035
1585551171, 0.562783497528, -0.756034547101
1585551172, 0.672119364546, -0.958483250171
1585551173, 0.735162069505, -1.1807589895
1585551175, 0.768520651252, -1.41576812167
1585551176, 0.779222867938, -1.61431231835
1585551177, 0.77633224232, -1.81775507035
1585551178, 0.774234691038, -2.02139560673
1585551179, 0.763058419888, -2.22126604143
1585551180, 0.742758195855, -2.42221730679
1585551181, 0.727265340256, -2.62210303849
1585551182, 0.703836149359, -2.82666438076
1585551183, 0.671449072989, -3.02812736676
1585551184, 0.616118262833, -3.25921362081
1585551185, 0.551164634277, -3.46498896194
1585551186, 0.546264234008, -3.48054919625
1585551186, 0.539808298679, -3.47630857737
1585551186, 0.535449072016, -3.47649604933
1585551187, 0.534880809225, -3.47298305316
1585551187, 0.528594205751, -3.47225394521
1585551187, 0.523928430555, -3.46985223948
1585551187, 0.525107298563, -3.46817100341
1585551203, 0.525067337011, -3.46562310025
1585551204, 0.606547751703, -3.41962744208
1585551205, 0.735076282466, -3.29393126965
1585551206, 0.837761026733, -3.14058960557
1585551207, 0.922408196262, -2.92662087159
1585551208, 0.975087778659, -2.69944825058
1585551210, 0.975871182871, -2.48758763217
1585551211, 0.951288570351, -2.25827506237
1585551212, 0.892296790714, -2.03274915315
1585551213, 0.81490754277, -1.80581845387
1585551214, 0.727624236282, -1.58257972023
1585551216, 0.643804406433, -1.35641698861
1585551217, 0.566390393678, -1.12759475189
1585551218, 0.484674485245, -0.905273015366
1585551219, 0.386933007063, -0.705806472472
1585551221, 0.320512402412, -0.592912536631
1585551221, 0.326452789658, -0.592092013947
1585551221, 0.324964771373, -0.596858352482
1585551221, 0.322988337613, -0.600504825948
1585551222, 0.321932581146, -0.600072053994
1585551222, 0.31428312751, -0.602497739515
1585551222, 0.315081372692, -0.608794857889
1585551239, 0.525269523117, -0.610863738471
1585551240, 0.758981427188, -0.587026798762
1585551241, 0.981567659999, -0.543523186105
1585551242, 1.20545830571, -0.472953972121
1585551243, 1.42322942748, -0.392629532687
1585551245, 1.63601745969, -0.293720677647
1585551246, 1.85068126819, -0.199555294079
1585551247, 2.07911398663, -0.134701708951
1585551248, 2.30759465794, -0.107958689165
1585551249, 2.49258494426, -0.125727580837
1585551250, 2.67345563503, -0.190620844638
1585551251, 2.79557704767, -0.26775578754
1585551252, 2.84506810392, -0.324676693479
1585551253, 2.87560593385, -0.380728968486
1585551253, 2.86911986293, -0.374941094171
1585551253, 2.86170488255, -0.378397793049
1585551253, 2.86070449219, -0.384251808517
1585551270, 2.98779842499, -0.353151854083
1585551271, 3.18277897488, -0.258973966186
1585551272, 3.34841309795, -0.120136227483
1585551273, 3.43192892494, -0.00794111476631
1585551274, 3.52535039166, 0.191199841154
1585551275, 3.58968412347, 0.39838963238
1585551276, 3.62219250752, 0.618251901449
1585551278, 3.62749755153, 0.832044059357
1585551279, 3.59817550133, 1.0513305905
1585551280, 3.54224237252, 1.2726554058
1585551281, 3.47148996944, 1.4985611602
1585550777, -4.91663719137, 4.02723242642
1585551008, -4.88692433147, 3.81554933991
1585551009, -4.82512962194, 3.64199002732
1585551010, -4.76406235438, 3.55879520146
1585551010, -4.72058224442, 3.51540472267
1585551011, -4.53229572072, 3.41227847816
1585551012, -4.50882336447, 3.41742161242
1585551012, -4.45412352282, 3.41865707376
1585551013, -4.34733819932, 3.40020834782
1585551013, -4.4102918579, 3.3858543147
1585551014, -4.37134654437, 3.40300356542
1585551015, -4.33584245608, 3.43365831613
1585551015, -4.32065175052, 3.45407247537
1585551015, -4.31372959482, 3.47053219681
1585551015, -4.30827752798, 3.48664963429
1585551015, -4.31188650801, 3.49588973941
1585551016, -4.31971006648, 3.50456500634
1585551016, -4.3264025576, 3.50771229799
1585551016, -4.32947011975, 3.51246550664
1585551016, -4.33781683534, 3.51637321917
1585551016, -4.36064896077, 3.51871480484
1585551017, -4.40690516639, 3.51246645503
1585551017, -4.4111824823, 3.50694516752
1585551017, -4.40988228193, 3.50474013503
1585551017, -4.40679946362, 3.50500355279
1585551018, -4.40858306668, 3.50031903237
1585551018, -4.40888452213, 3.50050636702
1585551021, -4.39903443043, 3.27063585316
1585551022, -4.41650795676, 3.16623068547
1585551022, -4.45312691564, 3.06959828415
1585551023, -4.49819460326, 3.00475439754
1585551024, -4.49789886595, 3.00209546466
1585551024, -4.49729712177, 3.00031367087
1585551031, -4.45629451814, 3.22112300856
1585551032, -4.41526170339, 3.43829677302
1585551033, -4.38024224223, 3.5918473943
1585551033, -4.40464300389, 3.5644999551
1585551034, -4.45186455278, 3.53529344768
1585551034, -4.51003013749, 3.51720018464
1585551034, -4.56937131177, 3.51474101648
1585551035, -4.71734084985, 3.52864991762
1585551036, -4.77931942085, 3.54811590843
1585551036, -4.86055812385, 3.60100686719
1585551037, -4.8994222058, 3.64097494528
1585551037, -4.95792394778, 3.76006803534
1585551038, -4.9789093183, 3.86131302367
1585551038, -4.97873215365, 3.901498731
1585551039, -4.961164105, 3.97979531324
1585551040, -4.95963335365, 3.98247291557
1585551040, -4.96041761931, 3.98274670145
1585551040, -4.96101666606, 3.98086557523
1585551040, -4.96242231998, 3.98163138359
1585551040, -4.96089416753, 3.98112184225
1585551041, -4.9580146049, 3.98434520658
1585551041, -4.95836492118, 3.98509781411
1585551041, -4.95793980402, 3.98645258676
1585551041, -4.95520789352, 3.9865744608
1585551052, -4.93968267402, 3.76411442874
1585551053, -4.93694289315, 3.5578958161
1585551054, -4.94488332667, 3.35622960478
1585551055, -4.95628343152, 3.12140674739
1585551056, -4.95381307982, 2.88096497082
1585551057, -4.94602792154, 2.67760935918
1585551058, -4.94057868017, 2.47233287174
1585551059, -4.9468848159, 2.2700565232
1585551061, -4.94485019187, 2.03604164861
1585551061, -4.92657584194, 1.94226166688
1585551062, -4.89734666858, 1.87755140842
1585551062, -4.86573753228, 1.84674347093
1585551063, -4.83441860953, 1.82785211981
1585551063, -4.83621627619, 1.82992410621
1585551282, 3.40291849136, 1.72284053567
1585551284, 3.32799256421, 1.94535891048
1585551285, 3.22031550116, 2.208079054
1585551286, 3.12156303684, 2.41992939557
1585551287, 3.00341206674, 2.63057471205
1585551289, 2.85600583938, 2.85070496726
1585551291, 2.70722897805, 3.05151904744
1585551291, 2.70117203981, 3.05370440228
1585551291, 2.69077201488, 3.05294711412
1585551291, 2.68864512576, 3.05128544194
1585551292, 2.67801374613, 3.04740537757
1585551292, 2.6800754259, 3.04724790242
1585551292, 2.67681572773, 3.04341425451
1585551292, 2.67419898389, 3.03806106937
1585551292, 2.67516594684, 3.03103749632
1585551308, 2.63380608219, 3.03533865685
1585551309, 2.64247872277, 3.02612815389
1585551309, 2.6986437168, 2.98228629756
1585551310, 2.7627452544, 2.89637313705
1585551310, 2.80998083193, 2.79729108265
1585551311, 2.87293745501, 2.56684889847
1585551313, 2.92126699547, 2.33348960134
1585551314, 2.94416556146, 2.12866219097
1585551315, 2.95959595791, 1.92359544578
1585551316, 2.96564231703, 1.72016988873
1585551317, 2.96372380804, 1.51505119493
1585551318, 2.96153684937, 1.3105859412
1585551319, 2.94793252903, 1.1058792043
1585551320, 2.91548090629, 0.902115517575
1585551321, 2.87089421476, 0.700389968173
1585551322, 2.82217514731, 0.468845226235
1585551323, 2.78487194661, 0.233060489154
1585551324, 2.75856480898, 0.00827963680618
1585551326, 2.76090076161, -0.215084092399
1585551326, 2.78155415409, -0.293259406159
1585551327, 2.82456441464, -0.37730688397
1585551328, 2.85611829161, -0.42033370761
1585551328, 2.84666293582, -0.419152616482
1585551329, 2.83492327678, -0.423471781322
1585551329, 2.82005779296, -0.424332875055
1585551329, 2.8208307566, -0.423330661579
1585551329, 2.82428294509, -0.418354240137
1585551329, 2.82586523227, -0.407837185403
1585551330, 2.82795812779, -0.404920354736
1585551330, 2.82440543968, -0.402803214633
1585551330, 2.82271887389, -0.402881041312
1585551330, 2.82016586553, -0.400114413791
1585551330, 2.82716741843, -0.403099831978
1585551331, 2.84126671718, -0.4094097185
1585551331, 2.83864919058, -0.4053168478
1585551331, 2.83804814269, -0.404883989339
1585551331, 2.84080038513, -0.404375474496
1585551332, 2.83833050769, -0.403377909125
1585551332, 2.83938248222, -0.402861937588
1585551332, 2.83460418132, -0.406202561585
1585551333, 2.84058270776, -0.401803486486
1585551333, 2.83438787911, -0.406237629413
1585551333, 2.83411501582, -0.408342518953
1585551333, 2.83144645008, -0.409137197665
1585551333, 2.83259245237, -0.408254296655
1585551334, 2.82612254345, -0.407065715009
1585551334, 2.84087936288, -0.401615427458
1585551335, 2.854172422, -0.40325015633
1585551351, 3.03526642082, -0.437777035698
1585551352, 3.2391623374, -0.528403080889
1585551353, 3.3488504777, -0.617022122051
1585551354, 3.45359740275, -0.767254118899
1585551355, 3.53823549326, -0.974378311883
1585551357, 3.58525067775, -1.23873553287
1585551358, 3.58048123023, -1.47396688765
1585551359, 3.54106847728, -1.69834221425
1585551360, 3.4648429408, -1.91909084527
1585551362, 3.36497417089, -2.1302990181
1585551363, 3.24553552011, -2.33012239458
1585551364, 3.12472123617, -2.46039629738
1585551365, 3.01278040004, -2.53786154311
1585551365, 2.94733244064, -2.56314466643
1585551366, 2.90335478084, -2.57369362002
1585551366, 2.90658494299, -2.57407289506
1585551367, 2.91149458271, -2.57468644028
1585551367, 2.91952541656, -2.57534297952
1585551367, 2.92226868978, -2.57477435917
1585551367, 2.92831909479, -2.57157115371
1585551367, 2.93469052058, -2.57540410563
1585551368, 2.94559947411, -2.57012971905
1585551368, 2.94001946253, -2.57522139399
1585551368, 2.95121443447, -2.5721262554
1585551368, 2.95944600006, -2.57406658021
1585551368, 2.96219002071, -2.57696003334
1585551369, 2.95779545508, -2.58350378005
1585551369, 2.95117440335, -2.58329536067
1585551369, 2.95450694468, -2.59258984874
1585551369, 2.95234767741, -2.60451050288
1585551369, 2.93538877962, -2.61397833158
1585551370, 2.91744813369, -2.62185005496
1585551370, 2.90254376485, -2.63058731922
1585551370, 2.88945868269, -2.63056512154
1585551370, 2.88174559119, -2.63249668176
1585551370, 2.86810961938, -2.62789961146
1585551371, 2.85443768329, -2.61676130907
1585551371, 2.84071922857, -2.60044232791
1585551371, 2.83319952769, -2.57929305112
1585551371, 2.83012801523, -2.54222455211
1585551372, 2.83881279979, -2.53082998366
1585551372, 2.84062020897, -2.52412116312
1585551372, 2.84117451381, -2.52559945158
1585551372, 2.84328552791, -2.52453903855
1585551372, 2.84176074547, -2.52458898945
1585551373, 2.83967210318, -2.52202234466
1585551373, 2.83809652116, -2.52239549658
1585551390, 3.05937514638, -2.50176994418
1585551391, 3.28001731528, -2.45303962049
1585551392, 3.40955801961, -2.40091659657
1585551393, 3.48124528386, -2.33887768972
1585551393, 3.57119086965, -2.23013385676
1585551395, 3.6925318512, -2.00472959603
1585551396, 3.7430576258, -1.78528157461
1585551397, 3.76546710235, -1.55484314552
1585551398, 3.77352875663, -1.33048886155
1585551400, 3.74527425794, -1.12036924154
1585551401, 3.69524763253, -0.903714525534
1585551402, 3.60332460149, -0.698684817689
1585551403, 3.49204182229, -0.502642812777
1585551405, 3.33098804724, -0.297230591335
1585551406, 3.11544544527, -0.0959015754155
1585551415, 1.66350166573, 0.127113205987
1585551416, 1.45971363543, 0.0363948546722
1585551417, 1.25338682097, -0.0676986708498
1585551418, 1.05639584338, -0.189224165093
1585551419, 0.850139314812, -0.306823402745
1585551421, 0.638145661929, -0.411383857595
1585551422, 0.434227223628, -0.498826810818
1585551423, 0.317813864019, -0.560259660139
1585551424, 0.320941875179, -0.556424731194
1585551424, 0.322689256736, -0.557548314158
1585551424, 0.326211491456, -0.55207125641
1585551424, 0.328802373818, -0.545087113996
1585551424, 0.326614000209, -0.527715522864
1585551425, 0.324990181814, -0.523154408007
1585551425, 0.332315280737, -0.521244414672
1585551425, 0.3166660187, -0.513534405184
1585551425, 0.31096897894, -0.507477986472
1585551425, 0.295496506006, -0.509043649783
1585551426, 0.284908160328, -0.518206193384
1585551426, 0.27888608234, -0.533725630764
1585551426, 0.280296113457, -0.530365339313
1585551426, 0.276319707011, -0.535928018877
1585551427, 0.276939524979, -0.537815784696
1585551427, 0.276456797678, -0.543336391846
1585551427, 0.278900316662, -0.542477128308
1585551444, 0.399260065291, -0.549377605589
1585551445, 0.494552857048, -0.590163178746
1585551445, 0.605437043223, -0.676785241193
1585551446, 0.699291531217, -0.788871761828
1585551447, 0.801703628361, -0.99595994147
1585551449, 0.855968307695, -1.2168954072
1585551450, 0.877815486187, -1.44388043025
1585551451, 0.873007792586, -1.68361888022
1585551452, 0.865576929746, -1.8783453366
1585551453, 0.845222235535, -2.07260938659
1585551454, 0.812138759169, -2.31239111753
1585551455, 0.769374084206, -2.54551717133
1585551457, 0.713673123734, -2.77188356876
1585551458, 0.640927571321, -2.99787067318
1585551459, 0.563982959771, -3.21782149687
1585551460, 0.525901167393, -3.40027572088
1585551461, 0.535196907376, -3.48854568378
1585551462, 0.535970990979, -3.48732280092
1585551462, 0.542244192852, -3.48682108688
1585551462, 0.540376984057, -3.48392868325
1585551462, 0.54394173435, -3.47767525531
1585551462, 0.547271871845, -3.46894153769
1585551479, 0.563429486105, -3.43782808086
1585551480, 0.653497032336, -3.37948943941
1585551481, 0.756006270453, -3.28022415097
1585551482, 0.857962367764, -3.1284629112
1585551483, 0.95172462261, -2.91383696115
1585551484, 1.01632146085, -2.69701597098
1585551485, 1.03512610963, -2.47764571145
1585551487, 1.01391546011, -2.2618692603
1585551488, 0.961862735943, -2.03638232594
1585551489, 0.884804406699, -1.8086376646
1585551490, 0.792497447085, -1.58716305685
1585551491, 0.691780563833, -1.36579404947
1585551493, 0.607261169312, -1.13945628106
1585551494, 0.514287741439, -0.92174349431
1585551495, 0.414057772304, -0.723375918314
1585551497, 0.319187640904, -0.5840209803
1585551497, 0.316455081113, -0.581724880644
1585551497, 0.304850839998, -0.586119258511
1585551497, 0.287680591601, -0.588088131446
1585551498, 0.272833431763, -0.589927827855
1585551498, 0.258711202504, -0.595693409704
1585551498, 0.24515804444, -0.595427177531
1585551498, 0.23601501792, -0.598463336462
1585551498, 0.23015010136, -0.60860281225
1585551499, 0.229915088791, -0.611680013925
1585551499, 0.234927265328, -0.616534974542
1585551499, 0.243466049895, -0.628045614651
1585551499, 0.241340885095, -0.619450059054
1585551500, 0.244987448145, -0.609905426574
1585551500, 0.247130738572, -0.598617697895
1585551500, 0.258802009092, -0.591940045182
1585551501, 0.245066291573, -0.597528841519
1585551501, 0.245206164989, -0.599530516605
1585551501, 0.246095577037, -0.598209445798
1585551501, 0.250527252381, -0.602824608284
1585551502, 0.253113436901, -0.595871322977
1585551502, 0.256804814478, -0.594545032336
1585551502, 0.266429355066, -0.597509042671
1585551502, 0.268854230326, -0.599582426376
1585551518, 0.133502300726, -0.610892309517
1585551520, -0.0970802407807, -0.654969732792
1585551521, -0.319743498725, -0.718995259653
1585551522, -0.535929718897, -0.803483827292
1585551523, -0.603015041773, -0.839115925845
1585551523, -0.584794591447, -0.801980698853
1585551523, -0.567974365108, -0.74585267714
1585551524, -0.558260470445, -0.651634651939
1585551525, -0.570691204011, -0.563631368078
1585551525, -0.610009408858, -0.470563087326
1585551526, -0.670856110648, -0.387554708161
1585551527, -0.813088795914, -0.271184628019
1585551528, -0.976612544248, -0.190286080577
1585551529, -1.18971198547, -0.1301890082
1585551530, -1.41362659902, -0.103365772678
1585551531, -1.64846265177, -0.106505019931
1585551533, -1.86824525073, -0.130802877066
1585551534, -2.08608089874, -0.18316999951
1585551535, -2.17610798818, -0.230378210396
1585551535, -2.19275606236, -0.242678168961
1585551535, -2.19003616053, -0.241469971199
1585551536, -2.18736412763, -0.23767271436
1585551536, -2.18702977592, -0.234830226204
1585551536, -2.18629141846, -0.23033337706
1585551536, -2.18563810019, -0.22405589399
1585551536, -2.18734831256, -0.226762966233
1585551537, -2.18623691271, -0.230276003143
1585551537, -2.18730828242, -0.233299424142
1585551552, -2.2029392701, -0.241391914269
1585551554, -2.43369434347, -0.301112436865
1585551555, -2.65231153372, -0.385920056747
1585551556, -2.85791794846, -0.49530279258
1585551557, -3.03107575143, -0.616801448815
1585551558, -3.01950153223, -0.597139023319
1585551558, -3.00611172262, -0.551559801542
1585551558, -3.00588766582, -0.500234862925
1585551560, -3.03961591827, -0.328648269698
1585551561, -3.10985114198, -0.211882783323
1585551562, -3.25622774783, -0.0480485199687
1585552224, 3.64199498722, -0.687153374452
1585552225, 3.52553556817, -0.49282291375
1585552227, 3.37528592219, -0.314904653743
1585552228, 3.18540632266, -0.119000271756
1585552229, 3.07098509721, -0.0339279970672
1585552230, 2.82984933857, 0.0723682148835
1585552231, 2.6142005442, 0.127777472461
1585552233, 2.38292270938, 0.158386259371
1585552233, 2.2451915602, 0.156810655067
1585552235, 2.02516527459, 0.10643763788
1585552236, 1.81477388918, 0.0255692357574
1585552237, 1.6119604952, -0.0762202951147
1585552238, 1.42440871232, -0.209336025941
1585552239, 1.23422190475, -0.360751070535
1585552241, 1.05075844589, -0.514598728513
1585552242, 0.860303423316, -0.641216166191
1585552243, 0.652495503151, -0.723153552565
1585552244, 0.512870646143, -0.746563496213
1585552244, 0.406327553356, -0.745141070126
1585552245, 0.348386305465, -0.731918283802
1585552245, 0.307746378202, -0.702125672434
1585552246, 0.281616249268, -0.669985339999
1585552246, 0.267995539753, -0.626704588219
1585552246, 0.268172894365, -0.59178046006
1585552247, 0.265164731103, -0.587492646464
1585552247, 0.260923984946, -0.588054601949
1585552248, 0.258851818793, -0.591799347694
1585552248, 0.259545747403, -0.591504131984
1585552248, 0.25812225896, -0.591639940451
1585552264, 0.254165182258, -0.59620293258
1585552264, 0.301692089121, -0.616556644339
1585552265, 0.38020634286, -0.671060851461
1585552266, 0.556784975195, -0.86266485788
1585552267, 0.661769817484, -1.06422926716
1585552269, 0.733431069205, -1.28602406225
1585552270, 0.778533718194, -1.52228964125
1585552271, 0.799061292194, -1.75767452552
1585552272, 0.815161135926, -2.00135041838
1585552273, 0.817960878081, -2.24393269017
1585552275, 0.820085921065, -2.47962892663
1585552276, 0.811450292449, -2.72186166097
1585552277, 0.802856671286, -2.95962913556
1585552279, 0.767369574562, -3.2166189387
1585552280, 0.687624779911, -3.41477960897
1585552280, 0.638578431594, -3.47869365644
1585552281, 0.582608339538, -3.51833145304
1585552282, 0.561842164831, -3.52915964825
1585552282, 0.568152499876, -3.53071460782
1585552282, 0.569960036145, -3.52719648129
1585552283, 0.564538512436, -3.52443236342
1585552283, 0.567722937293, -3.52232916382
1585552283, 0.565842388587, -3.52203404583
1585552283, 0.566359803712, -3.51843835931
1585552283, 0.565420742631, -3.51846474637
1585552284, 0.557583655702, -3.51727213544
1585552300, 0.624946780173, -3.49352942268
1585552300, 0.713178784734, -3.44381277456
1585552301, 0.788460501364, -3.37465795825
1585552302, 0.896857156263, -3.23856324599
1585552303, 0.971107192427, -3.07682673629
1585552304, 1.01668697751, -2.8584080842
1585552305, 1.03089754956, -2.63156049077
1585552306, 1.00444409661, -2.40874009516
1585552308, 0.958274539153, -2.18296845303
1585552309, 0.928473676492, -1.94358170604
1585552310, 0.877099903913, -1.72019382215
1585552311, 0.857522475443, -1.65668063834
1585552312, 0.843315010737, -1.70520349774
1585552313, 0.801099241607, -1.7352458022
1585552314, 0.804969173991, -1.50814763789
1585552315, 0.791737523455, -1.27943591263
1585552317, 0.748885630617, -1.07298656698
1585552318, 0.670310737297, -0.878604120321
1585552319, 0.535694763573, -0.702173565263
1585552320, 0.443645314312, -0.60565148884
1585552320, 0.375915229661, -0.568917286456
1585552321, 0.335387742536, -0.54024745635
1585552321, 0.334658364056, -0.538547761744
1585552322, 0.329011495036, -0.53145416747
1585552322, 0.332361251777, -0.533775913142
1585552322, 0.333197138383, -0.527836942083
1585552322, 0.33576317918, -0.525272217641
1585552322, 0.330017141313, -0.522007717824
1585552323, 0.327241417879, -0.521599125259
1585552323, 0.319551401959, -0.518913281954
1585552323, 0.317796375391, -0.516276661248
1585552323, 0.318369244598, -0.520135991502
1585552323, 0.318466340284, -0.531183134
1585552324, 0.318348769011, -0.542531760545
1585552324, 0.311870976958, -0.543398230581
1585552324, 0.303803474232, -0.54295063901
1585552341, 0.0858996040419, -0.574782122826
1585552342, -0.140752339744, -0.635644265927
1585552344, -0.358895372014, -0.713039547788
1585552345, -0.549662093929, -0.808733263636
1585552345, -0.54735270902, -0.805234525017
1585552346, -0.528681162148, -0.758441050236
1585552346, -0.522756030819, -0.697491196184
1585552346, -0.537410854508, -0.636362017792
1585552347, -0.588516387733, -0.48113974575
1585552349, -0.7025641063, -0.295029267398
1585552349, -0.794513643004, -0.194234769423
1585552350, -0.948447115896, -0.0983175252531
1585552352, -1.19192662208, -0.0125165075918
1585552353, -1.41700336963, 0.0236684781287
1585552354, -1.63770724716, 0.0276404062827
1585552355, -1.86026718365, -0.00224067537882
1585552357, -2.07549621991, -0.0677309963375
1585552357, -2.15492302595, -0.118362606594
1585552358, -2.18794921339, -0.159292093633
1585552358, -2.22618176022, -0.226414972408
1585552359, -2.22386975474, -0.227915878285
1585552359, -2.22231650948, -0.225149550068
1585552359, -2.22267972565, -0.229552930625
1585552360, -2.22076851215, -0.231201565406
1585552360, -2.22104986978, -0.228752064924
1585552360, -2.21994860755, -0.230783289603
1585552360, -2.22268658983, -0.233577647814
1585552361, -2.22498248981, -0.245969238552
1585552378, -2.45111260645, -0.21660811216
1585552379, -2.68350604412, -0.217687657195
1585552380, -2.920488816, -0.246289931298
1585552381, -3.14862183742, -0.302670897213
1585552383, -3.3659919349, -0.383169388311
1585552384, -3.57986920068, -0.474099030704
1585551408, 2.89922449833, 0.0451496135604
1585551409, 2.70165882003, 0.143831789686
1585551410, 2.49205039822, 0.218707025729
1585551411, 2.27894658285, 0.258486459621
1585551412, 2.10812658863, 0.250474489733
1585551413, 1.87887774048, 0.197336155003
1585552385, -3.77114270525, -0.577514345882
1585552386, -3.85744262291, -0.625963690763
1585552387, -3.81379480378, -0.595538260187
1585552388, -3.75906370938, -0.515558404724
1585552388, -3.73490673169, -0.436840675987
1585552389, -3.73731503907, -0.347053570377
1585552390, -3.77699239579, -0.230580189408
1585552391, -3.87609243054, -0.0463700903517
1585552392, -3.99283527211, 0.0795910537804
1585552393, -4.2064715821, 0.223937976079
1585552394, -4.32871365564, 0.272961940912
1585552395, -4.4397818347, 0.301121998694
1585552396, -4.65615943368, 0.277298058086
1585552397, -4.74321407094, 0.24413245661
1585552397, -4.80052810107, 0.199348681512
1585552398, -4.82074909669, 0.180522334454
1585552398, -4.82060450201, 0.179799173938
1585552399, -4.81544293803, 0.176230087276
1585552399, -4.81403426909, 0.182101808727
1585552399, -4.81531593248, 0.182947230538
1585552399, -4.8160653404, 0.185966172841
1585552400, -4.81241382095, 0.18125054629
1585552400, -4.81283604059, 0.176539269744
1585552415, -4.82222181041, 0.175794779335
1585552416, -4.76379377859, 0.19831569688
1585552417, -4.67853604032, 0.246102491011
1585552418, -4.54674747779, 0.368066858762
1585552419, -4.44798461854, 0.511306196337
1585552420, -4.36761815079, 0.712821318993
1585552421, -4.33461322159, 0.968000593247
1585552422, -4.33932724108, 1.1884675808
1585552424, -4.38321846566, 1.40497877535
1585552425, -4.45767829331, 1.59495673948
1585552426, -4.54102559221, 1.69899157602
1585552427, -4.66518495994, 1.80839174318
1585552427, -4.75521746978, 1.8474807963
1585552428, -4.78345697246, 1.85837078155
1585552428, -4.78873379024, 1.85471440585
1585552429, -4.78619499756, 1.85368114823
1585552429, -4.79717516691, 1.85238237143
1585552429, -4.80118411143, 1.84743298649
1585552429, -4.80789822505, 1.84450795508
1585552429, -4.80955588306, 1.84312093987
1585552430, -4.80763838071, 1.84474946836
1585552430, -4.80247099453, 1.84276626566
1585552430, -4.8065257078, 1.84253458363
1585552431, -4.80535864219, 1.84325526228
1585552493, -4.79786858928, 1.84652755459
1585552494, -4.70901365942, 1.88426203095
1585552495, -4.59623312382, 1.96743846809
1585552496, -4.45733143369, 2.13187683475
1585552497, -4.35080763361, 2.31993300354
1585552498, -4.30295757522, 2.48459853645
1585552499, -4.3118400981, 2.7024744552
1585552501, -4.34022898123, 2.92748319657
1585552502, -4.38733920339, 3.15899190107
1585552503, -4.44391164485, 3.37897166653
1585552504, -4.49478196787, 3.59746072134
1585552505, -4.54206261726, 3.74370353015
1585552506, -4.64388390317, 3.88614219237
1585552507, -4.73656377486, 3.97516478611
1585552508, -4.82287786393, 4.02184466467
1585552508, -4.87122788564, 4.03279680065
1585552509, -4.95511760149, 4.03452039042
1585552509, -4.98497322394, 4.02924765161
1585552510, -4.99008420856, 4.02497244743
1585552510, -4.98913350565, 4.02411862111
1585552510, -4.98655296688, 4.01804793775
1585552510, -4.99104425835, 4.01550049429
1585551563, -3.3374624685, 0.0109236477436
1585551563, -3.41113052452, 0.0381295585759
1585551565, -3.64322472097, 0.0584820122959
1585551566, -3.88717428697, 0.0879694827833
1585551567, -4.12470764509, 0.125790401946
1585551569, -4.36052662662, 0.173716848968
1585551570, -4.52268772033, 0.18515151288
1585551571, -4.73324560939, 0.171863763891
1585551572, -4.79249499776, 0.155024053258
1585551572, -4.79387273658, 0.151581730989
1585551572, -4.79795843403, 0.145389976312
1585551572, -4.7978022819, 0.141333038305
1585551572, -4.79730153346, 0.144794057887
1585551573, -4.79366307327, 0.145892651747
1585551573, -4.79500596459, 0.141956773401
1585551573, -4.7951126791, 0.139892109944
1585551573, -4.80032456187, 0.136436758921
1585551573, -4.80043847684, 0.135958345723
1585551574, -4.79960090777, 0.133650300757
1585551590, -4.78011496982, 0.141734046319
1585551590, -4.69798151926, 0.190633926921
1585551591, -4.62549493852, 0.259471537637
1585551592, -4.54911066965, 0.374368963612
1585551593, -4.47364482898, 0.587456211395
1585551594, -4.42446114324, 0.813024008
1585551595, -4.40153504795, 1.03656663195
1585551597, -4.42196509564, 1.25038838362
1585551598, -4.47506969966, 1.47335992611
1585551599, -4.5462458741, 1.64148215201
1585551600, -4.6604020213, 1.80582960656
1585551601, -4.7196037719, 1.84373583563
1585551602, -4.7791263185, 1.86701682894
1585551602, -4.78128895282, 1.86846177523
1585551602, -4.78189242647, 1.86906719717
1585551602, -4.78275840048, 1.86590490793
1585551602, -4.78670496556, 1.86711790026
1585551603, -4.79013364163, 1.86380942104
1585551603, -4.78607978484, 1.86150577184
1585551603, -4.78409058909, 1.85910252123
1585551603, -4.78586401509, 1.85740370323
1585551975, -0.546744559555, -0.485788521651
1585551976, -0.302029203156, -0.506049878436
1585551977, -0.0638035355584, -0.533752146909
1585551978, 0.154584442235, -0.559924478108
1585551996, 0.362431847491, -0.602837787478
1585551997, 0.484860680646, -0.671109135617
1585551997, 0.593789959695, -0.765212071455
1585551999, 0.725873285573, -0.950978100316
1585552000, 0.81845080279, -1.16604666857
1585552001, 0.86886856797, -1.39790550236
1585552002, 0.896074628649, -1.59840220523
1585552003, 0.914485606145, -1.80402424292
1585552004, 0.919558545883, -2.00995265656
1585552005, 0.924924356038, -2.21474799513
1585552006, 0.916761643548, -2.46230304146
1585552007, 0.901776173059, -2.70865640281
1585552009, 0.876918480531, -2.94751477487
1585552010, 0.832490282023, -3.18080240269
1585552011, 0.769501587482, -3.34824517109
1585552012, 0.694463218886, -3.44699972463
1585552012, 0.633827583896, -3.48840633413
1585552013, 0.558341962127, -3.52530947256
1585552013, 0.556979871282, -3.52565603687
1585552014, 0.559940492049, -3.52286934566
1585552014, 0.560520524286, -3.52094587197
1585552014, 0.560056309188, -3.5225047912
1585552014, 0.562227196788, -3.51666017042
1585552014, 0.559298199921, -3.51715446051
1585552015, 0.560579725624, -3.50969583317
1585552015, 0.557385642075, -3.50787570733
1585552015, 0.55850318388, -3.50547143835
1585552015, 0.560237464395, -3.4979524825
1585552032, 0.589785942428, -3.47534646151
1585552033, 0.676116749611, -3.42134979567
1585552033, 0.751888409905, -3.34927614685
1585552034, 0.866114421645, -3.20068201254
1585552035, 0.93841662595, -3.02638049138
1585552037, 0.987789643865, -2.81000053011
1585552038, 0.999545040434, -2.58366562359
1585552039, 0.957362154061, -2.37621764126
1585552040, 0.892162900457, -2.15037577933
1585552042, 0.811127067168, -1.92679853105
1585552043, 0.727745265713, -1.69386653083
1585552044, 0.645153658349, -1.46810730721
1585552045, 0.582347356872, -1.27750085284
1585552046, 0.517093058595, -1.08555069629
1585552047, 0.447452199101, -0.864920226469
1585552049, 0.3413740825, -0.661399934206
1585552050, 0.300750172759, -0.593394494251
1585552050, 0.304237256058, -0.59550243122
1585552050, 0.289100500613, -0.592927802463
1585552051, 0.280846146838, -0.594089535105
1585552051, 0.272771097712, -0.595921433882
1585552051, 0.264114961901, -0.597218330073
1585552051, 0.254835478125, -0.595052318938
1585552052, 0.259517213822, -0.59407711268
1585552052, 0.2537939845, -0.594784592892
1585552070, 0.47574848202, -0.591024835894
1585552071, 0.703000584944, -0.581426542057
1585552072, 0.927464659363, -0.545956203382
1585552073, 1.13906874907, -0.480203969083
1585552074, 1.34753566111, -0.39223119081
1585552076, 1.55637263535, -0.283384409409
1585552077, 1.76920078062, -0.184040128313
1585552078, 1.99160554977, -0.120509416913
1585552079, 2.2219228977, -0.0854479991172
1585552080, 2.44178423668, -0.0963838369776
1585552081, 2.61578243021, -0.147393042291
1585552082, 2.73636861986, -0.21526148214
1585552083, 2.79946796114, -0.271713536841
1585552084, 2.8744401898, -0.373029312867
1585552085, 2.86718136814, -0.361534865514
1585552085, 2.87229955438, -0.367577031076
1585552101, 2.87778740913, -0.371776204689
1585552101, 2.93058754306, -0.35512289554
1585552102, 2.9778702911, -0.334664381881
1585552102, 3.06663162392, -0.230795869118
1585552104, 3.16232573617, -0.0392724664115
1585552105, 3.22146738556, 0.179930594861
1585552106, 3.26469638606, 0.412122203868
1585552107, 3.29018753809, 0.642517113045
1585552108, 3.30742372293, 0.867058195017
1585552110, 3.32239966399, 1.10224483221
1585552111, 3.32136430769, 1.33410490729
1585552112, 3.31312171324, 1.56907555564
1585552113, 3.28574257658, 1.80051250223
1585552114, 3.24942814613, 2.01696520416
1585552116, 3.19663613297, 2.23941371663
1585552117, 3.13137883626, 2.46598580838
1585552118, 3.04845220441, 2.67931221912
1585552119, 2.932268437, 2.86773103083
1585552120, 2.79950601938, 3.02301887196
1585552122, 2.70461178958, 3.08297359799
1585552122, 2.69444265192, 3.07906675452
1585552122, 2.69104407188, 3.07522571573
1585552123, 2.68952308352, 3.06965602542
1585552123, 2.68208015907, 3.06897257408
1585552123, 2.68324460822, 3.0611390853
1585552123, 2.6804099542, 3.05450876985
1585552139, 2.5988239979, 3.06024436608
1585552140, 2.64350971843, 3.03240165149
1585552140, 2.69221812026, 2.95500574883
1585552142, 2.80519137464, 2.75699212276
1585552143, 2.85701400265, 2.5833265389
1585552144, 2.87596026669, 2.35435617158
1585552145, 2.86895711334, 2.12100533908
1585552146, 2.81861746131, 1.89063849975
1585552147, 2.74693187384, 1.65917715314
1585552149, 2.66697325605, 1.43124763466
1585552150, 2.60630435275, 1.20339126717
1585552151, 2.56682382416, 0.976869034558
1585552152, 2.53665738272, 0.742553931217
1585552153, 2.51174393457, 0.502030663023
1585552155, 2.51846435411, 0.277199858969
1585552156, 2.55223947816, 0.0507177188332
1585552157, 2.59759710251, -0.127254515292
1585552158, 2.68859620272, -0.280853710677
1585552158, 2.73639166616, -0.346656701245
1585552159, 2.83493856749, -0.408690690619
1585552160, 2.84202408122, -0.418830465058
1585552177, 2.9635857397, -0.434535040453
1585552178, 3.12812822423, -0.496549098182
1585552179, 3.2391860255, -0.578752167073
1585552180, 3.42349198129, -0.769910704404
1585552182, 3.53997281656, -0.96044809175
1585552183, 3.60967582383, -1.16971306318
1585552184, 3.63847467994, -1.39262559194
1585552185, 3.61037016894, -1.61099022365
1585552186, 3.54299413558, -1.826556564
1585552188, 3.42225312871, -2.07231280539
1585552189, 3.28620880776, -2.30273208256
1585552190, 3.13941378502, -2.46763234585
1585552191, 3.03934102912, -2.54758316605
1585552192, 2.97088687962, -2.57161448802
1585552192, 2.9068157406, -2.57714472612
1585552193, 2.90356919047, -2.56925172468
1585552193, 2.90726756223, -2.57288247848
1585552193, 2.90956983138, -2.57504086417
1585552194, 2.90947134722, -2.57567423837
1585552194, 2.91258444003, -2.57810941915
1585552194, 2.91976357117, -2.57154278374
1585552194, 2.91796755603, -2.56838006149
1585552194, 2.92052968555, -2.57308180989
1585552195, 2.92208939913, -2.5719564749
1585552195, 2.92169206287, -2.57407000786
1585552212, 3.15907105959, -2.57319863754
1585552212, 3.29178987291, -2.54229957945
1585552214, 3.48579263435, -2.44302939457
1585552215, 3.65614967012, -2.30502932156
1585552216, 3.76631707015, -2.1639794476
1585552217, 3.86088285122, -1.96145499609
1585552218, 3.89771223834, -1.77697904041
1585552219, 3.89878398725, -1.56019587843
1585552221, 3.86977143999, -1.32916636234
1585552222, 3.81402307165, -1.11301307065
1585552223, 3.74193989537, -0.894531814329
